Type,Product,Started Date,Completed Date,Description,Amount,Currency,Fiat amount,Fiat amount (inc. fees),Fee,Base currency,State,Balance
EXCHANGE,Current,2020-03-18 10:37:09,2020-03-18 10:37:09,Exchanged to BTC,0.10591212,BTC,500.00,500.00,0.00,EUR,COMPLETED,0.10591212
EXCHANGE,Current,2020-03-24 08:25:16,2020-03-24 08:25:16,Exchanged to EUR,-0.08525768,BTC,-524.85,-524.85,0.00,EUR,COMPLETED,0.02065444
EXCHANGE,Current,2020-03-25 09:17:28,2020-03-25 09:17:28,Exchanged to EUR,-0.02065444,BTC,-128.76,-128.76,0.00,EUR,COMPLETED,0.00000000
EXCHANGE,Current,2020-03-25 23:03:40,2020-03-25 23:03:40,Exchanged to BTC,0.01601610,BTC,100.00,100.00,0.00,EUR,COMPLETED,0.01601610
EXCHANGE,Current,2020-03-26 08:42:44,2020-03-26 08:42:44,Exchanged to BTC,0.13059524,BTC,800.00,800.00,0.00,EUR,COMPLETED,0.14661134
EXCHANGE,Current,2020-04-03 10:17:33,2020-04-03 10:17:33,Exchanged to EUR,-0.00791734,BTC,-50.00,-50.00,0.00,EUR,COMPLETED,0.13869400
EXCHANGE,Current,2020-04-03 10:59:13,2020-04-03 10:59:13,Exchanged to EUR,-0.00780120,BTC,-50.00,-50.00,0.00,EUR,COMPLETED,0.13089280
EXCHANGE,Current,2020-04-06 06:30:12,2020-04-06 06:30:12,Exchanged to EUR,-0.00781294,BTC,-50.00,-50.00,0.00,EUR,COMPLETED,0.12307986
EXCHANGE,Current,2020-04-06 06:37:45,2020-04-06 06:37:45,Exchanged to EUR,-0.01555887,BTC,-100.00,-100.00,0.00,EUR,COMPLETED,0.10752099
EXCHANGE,Current,2020-04-06 06:54:52,2020-04-06 06:54:52,Exchanged to EUR,-0.00773808,BTC,-50.00,-50.00,0.00,EUR,COMPLETED,0.09978291
EXCHANGE,Current,2020-04-06 07:00:56,2020-04-06 07:00:56,Exchanged to EUR,-0.00771993,BTC,-50.00,-50.00,0.00,EUR,COMPLETED,0.09206298
EXCHANGE,Current,2020-04-06 09:11:13,2020-04-06 09:11:13,Exchanged to EUR,-0.00771644,BTC,-50.00,-50.00,0.00,EUR,COMPLETED,0.08434654
EXCHANGE,Current,2020-04-06 09:17:03,2020-04-06 09:17:03,Exchanged to EUR,-0.01537891,BTC,-100.00,-100.00,0.00,EUR,COMPLETED,0.06896763
EXCHANGE,Current,2020-04-06 09:17:08,2020-04-06 09:17:08,Exchanged to EUR,-0.00769679,BTC,-50.00,-50.00,0.00,EUR,COMPLETED,0.06127084
EXCHANGE,Current,2020-04-06 13:09:03,2020-04-06 13:09:03,Exchanged to EUR,-0.00766020,BTC,-50.00,-50.00,0.00,EUR,COMPLETED,0.05361064
EXCHANGE,Current,2020-04-06 19:19:29,2020-04-06 19:19:29,Exchanged to EUR,-0.00752028,BTC,-50.00,-50.00,0.00,EUR,COMPLETED,0.04609036
EXCHANGE,Current,2020-04-06 19:32:15,2020-04-06 19:32:15,Exchanged to EUR,-0.00750158,BTC,-50.00,-50.00,0.00,EUR,COMPLETED,0.03858878
EXCHANGE,Current,2020-04-07 00:06:11,2020-04-07 00:06:11,Exchanged to EUR,-0.00744916,BTC,-50.00,-50.00,0.00,EUR,COMPLETED,0.03113962
EXCHANGE,Current,2020-04-13 01:24:16,2020-04-13 01:24:16,Exchanged to EUR,-0.02484861,BTC,-150.00,-150.00,0.00,EUR,COMPLETED,0.00629101
EXCHANGE,Current,2020-04-15 22:22:21,2020-04-15 22:22:21,Exchanged to BTC,0.01599640,BTC,100.00,100.00,0.00,EUR,COMPLETED,0.02228741
EXCHANGE,Current,2020-04-15 23:02:57,2020-04-15 23:02:57,Exchanged to BTC,0.01610475,BTC,100.00,100.00,0.00,EUR,COMPLETED,0.03839216
EXCHANGE,Current,2020-04-15 23:04:57,2020-04-15 23:04:57,Exchanged to BTC,0.00806222,BTC,50.00,50.00,0.00,EUR,COMPLETED,0.04645438
EXCHANGE,Current,2020-04-16 00:00:49,2020-04-16 00:00:49,Exchanged to BTC,0.00813954,BTC,50.00,50.00,0.00,EUR,COMPLETED,0.05459392
EXCHANGE,Current,2020-04-16 00:02:05,2020-04-16 00:02:05,Exchanged to BTC,0.01641896,BTC,100.00,100.00,0.00,EUR,COMPLETED,0.07101288
EXCHANGE,Current,2020-04-23 14:06:23,2020-04-23 14:06:23,Exchanged to EUR,-0.00744319,BTC,-50.00,-50.00,0.00,EUR,COMPLETED,0.06356969
EXCHANGE,Current,2020-04-23 14:20:42,2020-04-23 14:20:42,Exchanged to EUR,-0.00732728,BTC,-50.00,-50.00,0.00,EUR,COMPLETED,0.05624241
EXCHANGE,Current,2020-04-23 14:21:30,2020-04-23 14:21:30,Exchanged to EUR,-0.00727271,BTC,-50.00,-50.00,0.00,EUR,COMPLETED,0.04896970
EXCHANGE,Current,2020-04-23 14:22:30,2020-04-23 14:22:30,Exchanged to EUR,-0.00712273,BTC,-50.00,-50.00,0.00,EUR,COMPLETED,0.04184697
EXCHANGE,Current,2020-04-23 14:39:31,2020-04-23 14:39:31,Exchanged to EUR,-0.00729119,BTC,-50.00,-50.00,0.00,EUR,COMPLETED,0.03455578
EXCHANGE,Current,2020-04-23 16:00:30,2020-04-23 16:00:30,Exchanged to EUR,-0.00724025,BTC,-50.00,-50.00,0.00,EUR,COMPLETED,0.02731553
EXCHANGE,Current,2020-04-25 15:51:37,2020-04-25 15:51:37,Exchanged to EUR,-0.00714185,BTC,-50.00,-50.00,0.00,EUR,COMPLETED,0.02017368
EXCHANGE,Current,2020-04-29 02:05:45,2020-04-29 02:05:45,Exchanged to EUR,-0.00703507,BTC,-50.00,-50.00,0.00,EUR,COMPLETED,0.01313861
EXCHANGE,Current,2020-04-29 11:01:18,2020-04-29 11:01:18,Exchanged to EUR,-0.00675668,BTC,-50.00,-50.00,0.00,EUR,COMPLETED,0.00638193
EXCHANGE,Current,2020-04-30 00:58:18,2020-04-30 00:58:18,Exchanged to EUR,-0.00624958,BTC,-50.00,-50.00,0.00,EUR,COMPLETED,0.00013235
TRANSFER,Current,2020-12-03 03:19:55,2020-12-03 03:19:55,Balance migration to another region or legal entity,-0.00013235,BTC,-2.03,-2.03,0.00,EUR,COMPLETED,
TRANSFER,Current,2020-12-03 03:19:55,2020-12-03 03:19:55,Balance migration to another region or legal entity,0.00013235,BTC,2.15,2.15,0.00,EUR,COMPLETED,
EXCHANGE,Current,2021-05-21 18:01:51,2021-05-21 18:01:51,Exchanged to BTC,0.00321864,BTC,98.50,100.00,1.50,EUR,COMPLETED,0.00335099
EXCHANGE,Current,2021-05-21 18:22:30,2021-05-21 18:22:30,Exchanged to BTC,0.00328336,BTC,98.51,100.00,1.50,EUR,COMPLETED,0.00663435
EXCHANGE,Current,2021-05-23 13:31:46,2021-05-23 13:31:46,Exchanged to BTC,0.00180914,BTC,49.25,50.00,0.75,EUR,COMPLETED,0.00844349
EXCHANGE,Current,2021-05-23 13:32:52,2021-05-23 13:32:52,Exchanged to BTC,0.00365044,BTC,98.51,100.00,1.50,EUR,COMPLETED,0.01209393
EXCHANGE,Current,2021-05-24 07:11:39,2021-05-24 07:11:39,Exchanged to EUR,-0.00067694,BTC,-20.30,-20.00,0.30,EUR,COMPLETED,0.01141699
EXCHANGE,Current,2021-05-24 11:42:56,2021-05-24 11:42:56,Exchanged to EUR,-0.00163693,BTC,-50.75,-50.00,0.75,EUR,COMPLETED,0.00978006
EXCHANGE,Current,2021-05-24 18:24:11,2021-05-24 18:24:11,Exchanged to EUR,-0.00065454,BTC,-20.30,-20.00,0.30,EUR,COMPLETED,0.00912552
EXCHANGE,Current,2021-05-24 18:43:27,2021-05-24 18:43:27,Exchanged to EUR,-0.00065400,BTC,-20.30,-20.00,0.30,EUR,COMPLETED,0.00847152
EXCHANGE,Current,2021-05-24 19:44:03,2021-05-24 19:44:03,Exchanged to EUR,-0.00064264,BTC,-20.30,-20.00,0.30,EUR,COMPLETED,0.00782888
EXCHANGE,Current,2021-05-24 19:44:42,2021-05-24 19:44:42,Exchanged to EUR,-0.00063386,BTC,-20.30,-20.00,0.30,EUR,COMPLETED,0.00719502
EXCHANGE,Current,2021-05-24 20:39:36,2021-05-24 20:39:36,Exchanged to EUR,-0.00063438,BTC,-20.30,-20.00,0.30,EUR,COMPLETED,0.00656064
EXCHANGE,Current,2021-05-25 00:39:43,2021-05-25 00:39:43,Exchanged to EUR,-0.00062408,BTC,-20.30,-20.00,0.30,EUR,COMPLETED,0.00593656
EXCHANGE,Current,2021-05-26 06:30:43,2021-05-26 06:30:43,Exchanged to EUR,-0.00153789,BTC,-50.75,-50.00,0.75,EUR,COMPLETED,0.00439867
EXCHANGE,Current,2021-05-26 13:39:51,2021-05-26 13:39:51,Exchanged to BTC,0.00030788,BTC,9.85,10.00,0.15,EUR,COMPLETED,0.00470655
EXCHANGE,Current,2021-05-28 08:55:05,2021-05-28 08:55:05,Exchanged to BTC,0.00065667,BTC,19.70,20.00,0.30,EUR,COMPLETED,0.00536322
EXCHANGE,Current,2021-05-28 08:56:47,2021-05-28 08:56:47,Exchanged to BTC,0.00066798,BTC,19.70,20.00,0.30,EUR,COMPLETED,0.00603120
EXCHANGE,Current,2021-05-28 11:50:53,2021-05-28 11:50:53,Exchanged to BTC,0.00067931,BTC,19.70,20.00,0.30,EUR,COMPLETED,0.00671051
EXCHANGE,Current,2021-05-29 11:22:45,2021-05-29 11:22:45,Exchanged to BTC,0.00069183,BTC,19.70,20.00,0.30,EUR,COMPLETED,0.00740234
EXCHANGE,Current,2021-05-29 15:13:42,2021-05-29 15:13:42,Exchanged to BTC,0.00070357,BTC,19.70,20.00,0.30,EUR,COMPLETED,0.00810591
EXCHANGE,Current,2021-05-30 00:37:11,2021-05-30 00:37:11,Exchanged to BTC,0.00071660,BTC,19.70,20.00,0.30,EUR,COMPLETED,0.00882251
EXCHANGE,Current,2021-05-30 05:28:22,2021-05-30 05:28:22,Exchanged to EUR,-0.00035001,BTC,-10.15,-10.00,0.15,EUR,COMPLETED,0.00847250
EXCHANGE,Current,2021-05-30 07:04:47,2021-05-30 07:04:47,Exchanged to EUR,-0.00034396,BTC,-10.15,-10.00,0.15,EUR,COMPLETED,0.00812854
EXCHANGE,Current,2021-05-31 08:23:12,2021-05-31 08:23:12,Exchanged to EUR,-0.00034380,BTC,-10.15,-10.00,0.15,EUR,COMPLETED,0.00778474
EXCHANGE,Current,2021-05-31 10:04:47,2021-05-31 10:04:47,Exchanged to EUR,-0.00033810,BTC,-10.15,-10.00,0.15,EUR,COMPLETED,0.00744664
EXCHANGE,Current,2021-05-31 23:28:06,2021-05-31 23:28:06,Exchanged to EUR,-0.00033268,BTC,-10.15,-10.00,0.15,EUR,COMPLETED,0.00711396
EXCHANGE,Current,2021-06-02 14:27:12,2021-06-02 14:27:12,Exchanged to EUR,-0.00032740,BTC,-10.15,-10.00,0.15,EUR,COMPLETED,0.00678656
EXCHANGE,Current,2021-06-03 06:26:40,2021-06-03 06:26:40,Exchanged to EUR,-0.00031978,BTC,-10.15,-10.00,0.15,EUR,COMPLETED,0.00646678
EXCHANGE,Current,2021-06-03 07:01:40,2021-06-03 07:01:40,Exchanged to EUR,-0.00031704,BTC,-10.15,-10.00,0.15,EUR,COMPLETED,0.00614974
EXCHANGE,Current,2021-06-03 23:36:04,2021-06-03 23:36:04,Exchanged to EUR,-0.00031421,BTC,-10.15,-10.00,0.15,EUR,COMPLETED,0.00583553
EXCHANGE,Current,2021-06-05 21:29:10,2021-06-05 21:29:10,Exchanged to BTC,0.00067941,BTC,19.71,20.00,0.30,EUR,COMPLETED,0.00651494
EXCHANGE,Current,2021-06-07 00:01:27,2021-06-07 00:01:27,Exchanged to EUR,-0.00034407,BTC,-10.15,-10.00,0.15,EUR,COMPLETED,0.00617087
EXCHANGE,Current,2021-06-07 01:46:37,2021-06-07 01:46:37,Exchanged to EUR,-0.00033828,BTC,-10.15,-10.00,0.15,EUR,COMPLETED,0.00583259
EXCHANGE,Current,2021-06-07 20:48:20,2021-06-07 20:48:20,Exchanged to BTC,0.00034213,BTC,9.85,10.00,0.15,EUR,COMPLETED,0.00617472
EXCHANGE,Current,2021-06-07 20:49:00,2021-06-07 20:49:00,Exchanged to BTC,0.00069145,BTC,19.71,20.00,0.30,EUR,COMPLETED,0.00686617
EXCHANGE,Current,2021-06-07 21:03:41,2021-06-07 21:03:41,Exchanged to BTC,0.00346965,BTC,98.51,100.00,1.50,EUR,COMPLETED,0.01033582
EXCHANGE,Current,2021-06-07 21:15:06,2021-06-07 21:15:06,Exchanged to BTC,0.00175940,BTC,49.25,50.00,0.75,EUR,COMPLETED,0.01209522
EXCHANGE,Current,2021-06-07 21:26:26,2021-06-07 21:26:26,Exchanged to BTC,0.00070874,BTC,19.70,20.00,0.30,EUR,COMPLETED,0.01280396
EXCHANGE,Current,2021-06-07 22:26:23,2021-06-07 22:26:23,Exchanged to BTC,0.00175894,BTC,49.25,50.00,0.75,EUR,COMPLETED,0.01456290
EXCHANGE,Current,2021-06-07 23:17:52,2021-06-07 23:17:52,Exchanged to BTC,0.00176527,BTC,49.25,50.00,0.75,EUR,COMPLETED,0.01632817
EXCHANGE,Current,2021-06-08 00:08:52,2021-06-08 00:08:52,Exchanged to BTC,0.00354059,BTC,98.51,100.00,1.50,EUR,COMPLETED,0.01986876
EXCHANGE,Current,2021-06-09 15:25:49,2021-06-09 15:25:49,Exchanged to EUR,-0.00169143,BTC,-50.75,-50.00,0.75,EUR,COMPLETED,0.01817733
EXCHANGE,Current,2021-06-09 22:26:02,2021-06-09 22:26:02,Exchanged to EUR,-0.00166364,BTC,-50.75,-50.00,0.75,EUR,COMPLETED,0.01651369
EXCHANGE,Current,2021-06-10 10:02:11,2021-06-10 10:02:11,Exchanged to EUR,-0.00327386,BTC,-101.50,-100.00,1.50,EUR,COMPLETED,0.01323983
EXCHANGE,Current,2021-06-13 04:05:59,2021-06-13 04:05:59,Exchanged to BTC,0.00170616,BTC,49.25,50.00,0.75,EUR,COMPLETED,0.01494599
EXCHANGE,Current,2021-06-13 09:57:58,2021-06-13 09:57:58,Exchanged to EUR,-0.00171441,BTC,-50.75,-50.00,0.75,EUR,COMPLETED,0.01323158
EXCHANGE,Current,2021-06-13 20:04:34,2021-06-13 20:04:34,Exchanged to EUR,-0.00162008,BTC,-50.75,-50.00,0.75,EUR,COMPLETED,0.01161150
EXCHANGE,Current,2021-06-13 20:08:19,2021-06-13 20:08:19,Exchanged to EUR,-0.00317039,BTC,-101.50,-100.00,1.50,EUR,COMPLETED,0.00844111
EXCHANGE,Current,2021-06-13 20:08:20,2021-06-13 20:08:20,Exchanged to EUR,-0.00317039,BTC,-101.50,-100.00,1.50,EUR,COMPLETED,0.00527072
EXCHANGE,Current,2021-06-14 13:04:09,2021-06-14 13:04:09,Exchanged to EUR,-0.00153770,BTC,-50.75,-50.00,0.75,EUR,COMPLETED,0.00373302
EXCHANGE,Current,2021-06-15 18:03:35,2021-06-15 18:03:35,Exchanged to EUR,-0.00149241,BTC,-50.75,-50.00,0.75,EUR,COMPLETED,0.00224061
EXCHANGE,Current,2021-06-18 18:38:23,2021-06-18 18:38:23,Exchanged to BTC,0.00164173,BTC,49.26,50.00,0.75,EUR,COMPLETED,0.00388234
EXCHANGE,Current,2021-06-20 09:53:15,2021-06-20 09:53:15,Exchanged to BTC,0.00166952,BTC,49.25,50.00,0.75,EUR,COMPLETED,0.00555186
EXCHANGE,Current,2021-06-20 10:05:03,2021-06-20 10:05:03,Exchanged to BTC,0.00167595,BTC,49.25,50.00,0.75,EUR,COMPLETED,0.00722781
EXCHANGE,Current,2021-06-20 10:05:38,2021-06-20 10:05:38,Exchanged to BTC,0.00169845,BTC,49.25,50.00,0.75,EUR,COMPLETED,0.00892626
EXCHANGE,Current,2021-06-20 12:08:40,2021-06-20 12:08:40,Exchanged to BTC,0.00208868,BTC,59.11,60.00,0.90,EUR,COMPLETED,0.01101494
EXCHANGE,Current,2021-06-21 06:31:01,2021-06-21 06:31:01,Exchanged to BTC,0.00319003,BTC,88.66,90.00,1.35,EUR,COMPLETED,0.01420497
EXCHANGE,Current,2021-06-21 06:44:48,2021-06-21 06:44:48,Exchanged to BTC,0.00215696,BTC,59.10,60.00,0.90,EUR,COMPLETED,0.01636193
EXCHANGE,Current,2021-06-21 11:07:35,2021-06-21 11:07:35,Exchanged to BTC,0.00291927,BTC,78.80,80.00,1.20,EUR,COMPLETED,0.01928120
EXCHANGE,Current,2021-06-22 12:01:40,2021-06-22 12:01:40,Exchanged to BTC,0.00378903,BTC,98.50,100.00,1.50,EUR,COMPLETED,0.02307023
EXCHANGE,Current,2021-07-26 00:58:17,2021-07-26 00:58:17,Exchanged to EUR,-0.00261859,BTC,-81.20,-80.00,1.20,EUR,COMPLETED,0.02045164
EXCHANGE,Current,2021-07-26 01:49:51,2021-07-26 01:49:51,Exchanged to EUR,-0.00156128,BTC,-50.75,-50.00,0.75,EUR,COMPLETED,0.01889036
EXCHANGE,Current,2021-07-26 06:21:08,2021-07-26 06:21:08,Exchanged to EUR,-0.00307572,BTC,-101.50,-100.00,1.50,EUR,COMPLETED,0.01581464
EXCHANGE,Current,2021-07-26 16:27:13,2021-07-26 16:27:13,Exchanged to EUR,-0.00153073,BTC,-50.75,-50.00,0.75,EUR,COMPLETED,0.01428391
EXCHANGE,Current,2021-07-26 18:17:55,2021-07-26 18:17:55,Exchanged to EUR,-0.00151486,BTC,-50.75,-50.00,0.75,EUR,COMPLETED,0.01276905
EXCHANGE,Current,2021-07-26 19:09:42,2021-07-26 19:09:42,Exchanged to EUR,-0.00298513,BTC,-101.50,-100.00,1.50,EUR,COMPLETED,0.00978392
EXCHANGE,Current,2021-07-30 20:47:53,2021-07-30 20:47:53,Exchanged to EUR,-0.00208905,BTC,-71.05,-70.00,1.05,EUR,COMPLETED,0.00769487
EXCHANGE,Current,2021-07-30 20:51:20,2021-07-30 20:51:20,Exchanged to EUR,-0.00235348,BTC,-81.20,-80.00,1.20,EUR,COMPLETED,0.00534139
EXCHANGE,Current,2021-07-30 23:14:54,2021-07-30 23:14:54,Exchanged to EUR,-0.00231936,BTC,-81.20,-80.00,1.20,EUR,COMPLETED,0.00302203
EXCHANGE,Current,2021-08-13 20:06:42,2021-08-13 20:06:42,Exchanged to EUR,-0.00126832,BTC,-50.75,-50.00,0.75,EUR,COMPLETED,0.00175371
EXCHANGE,Current,2021-08-18 01:13:53,2021-08-18 01:13:53,Exchanged to BTC,0.00077977,BTC,29.55,30.00,0.45,EUR,COMPLETED,0.00253348
EXCHANGE,Current,2021-08-19 22:59:29,2021-08-19 22:59:29,Exchanged to EUR,-0.00050749,BTC,-20.30,-20.00,0.30,EUR,COMPLETED,0.00202599
EXCHANGE,Current,2021-08-20 09:03:43,2021-08-20 09:03:43,Exchanged to EUR,-0.00050491,BTC,-20.30,-20.00,0.30,EUR,COMPLETED,0.00152108
EXCHANGE,Current,2021-08-26 05:44:12,2021-08-26 05:44:12,Exchanged to BTC,0.00098500,BTC,39.40,40.00,0.60,EUR,COMPLETED,0.00250608
EXCHANGE,Current,2021-08-27 15:03:10,2021-08-27 15:03:10,Exchanged to EUR,-0.00049505,BTC,-20.30,-20.00,0.30,EUR,COMPLETED,0.00201103
EXCHANGE,Current,2021-08-29 00:16:30,2021-08-29 00:16:30,Exchanged to BTC,0.00047438,BTC,19.71,20.00,0.30,EUR,COMPLETED,0.00248541
EXCHANGE,Current,2021-08-29 00:55:06,2021-08-29 00:55:06,Exchanged to EUR,-0.00048330,BTC,-20.30,-20.00,0.30,EUR,COMPLETED,0.00200211
EXCHANGE,Current,2021-09-05 09:27:41,2021-09-05 09:27:41,Exchanged to EUR,-0.00024078,BTC,-10.15,-10.00,0.15,EUR,COMPLETED,0.00176133
EXCHANGE,Current,2021-09-05 20:53:05,2021-09-05 20:53:05,Exchanged to EUR,-0.00058958,BTC,-25.37,-25.00,0.37,EUR,COMPLETED,0.00117175
EXCHANGE,Current,2021-09-07 15:07:46,2021-09-07 15:07:46,Exchanged to BTC,0.00199570,BTC,78.80,80.00,1.20,EUR,COMPLETED,0.00316745
EXCHANGE,Current,2021-09-07 15:08:24,2021-09-07 15:08:24,Exchanged to BTC,0.00075786,BTC,29.55,30.00,0.45,EUR,COMPLETED,0.00392531
EXCHANGE,Current,2021-09-07 15:25:06,2021-09-07 15:25:06,Exchanged to BTC,0.00074457,BTC,29.55,30.00,0.45,EUR,COMPLETED,0.00466988
EXCHANGE,Current,2021-09-09 16:55:03,2021-09-09 16:55:03,Exchanged to EUR,-0.00050739,BTC,-20.30,-20.00,0.30,EUR,COMPLETED,0.00416249
EXCHANGE,Current,2021-09-24 11:17:54,2021-09-24 11:17:54,Exchanged to BTC,0.00281506,BTC,98.51,100.00,1.50,EUR,COMPLETED,0.00697755
EXCHANGE,Current,2021-09-30 01:15:02,2021-09-30 01:15:02,Exchanged to EUR,-0.00082268,BTC,-30.45,-30.00,0.45,EUR,COMPLETED,0.00615487
EXCHANGE,Current,2021-10-04 16:20:26,2021-10-04 16:20:26,Exchanged to EUR,-0.00096662,BTC,-40.60,-40.00,0.60,EUR,COMPLETED,0.00518825
EXCHANGE,Current,2021-11-02 14:02:58,2021-11-02 14:02:58,Exchanged to EUR,-0.00092263,BTC,-50.75,-50.00,0.75,EUR,COMPLETED,0.00426562
EXCHANGE,Current,2021-11-08 00:09:23,2021-11-08 00:09:23,Exchanged to EUR,-0.00092270,BTC,-50.75,-50.00,0.75,EUR,COMPLETED,0.00334292
EXCHANGE,Current,2021-12-16 10:17:46,2021-12-16 10:17:46,Exchanged to EUR,-0.00046659,BTC,-20.30,-20.00,0.30,EUR,COMPLETED,0.00287633
EXCHANGE,Current,2021-12-23 17:46:25,2021-12-23 17:46:25,Exchanged to EUR,-0.00069205,BTC,-30.45,-30.00,0.45,EUR,COMPLETED,0.00218428
EXCHANGE,Current,2022-01-20 02:33:59,2022-01-20 02:33:59,Exchanged to EUR,-0.00137159,BTC,-50.75,-50.00,0.75,EUR,COMPLETED,0.00081269
EXCHANGE,Current,2022-02-13 18:40:23,2022-02-13 18:40:23,Exchanged to BTC,0.00133130,BTC,49.26,50.00,0.75,EUR,COMPLETED,0.00214399
EXCHANGE,Current,2022-02-14 00:24:19,2022-02-14 00:24:19,Exchanged to BTC,0.00199679,BTC,73.88,75.00,1.12,EUR,COMPLETED,0.00414078
EXCHANGE,Current,2022-02-14 01:28:14,2022-02-14 01:28:14,Exchanged to BTC,0.00133474,BTC,49.25,50.00,0.75,EUR,COMPLETED,0.00547552
EXCHANGE,Current,2022-02-15 01:34:59,2022-02-15 01:34:59,Exchanged to EUR,-0.00053378,BTC,-20.30,-20.00,0.30,EUR,COMPLETED,0.00494174
EXCHANGE,Current,2022-02-17 17:34:05,2022-02-17 17:34:05,Exchanged to EUR,-0.00082605,BTC,-30.45,-30.00,0.45,EUR,COMPLETED,0.00411569
EXCHANGE,Current,2022-02-17 18:10:50,2022-02-17 18:10:50,Exchanged to BTC,0.00080417,BTC,29.55,30.00,0.45,EUR,COMPLETED,0.00491986
EXCHANGE,Current,2022-02-17 18:27:30,2022-02-17 18:27:30,Exchanged to BTC,0.00218898,BTC,78.81,80.00,1.20,EUR,COMPLETED,0.00710884
EXCHANGE,Current,2022-02-17 21:24:01,2022-02-17 21:24:01,Exchanged to BTC,0.00138776,BTC,49.25,50.00,0.75,EUR,COMPLETED,0.00849660
EXCHANGE,Current,2022-02-20 04:32:50,2022-02-20 04:32:50,Exchanged to BTC,0.00140723,BTC,49.26,50.00,0.75,EUR,COMPLETED,0.00990383
EXCHANGE,Current,2022-02-20 08:24:07,2022-02-20 08:24:07,Exchanged to BTC,0.00173873,BTC,59.11,60.00,0.90,EUR,COMPLETED,0.01164256
EXCHANGE,Current,2022-02-24 20:05:01,2022-02-24 20:05:01,Exchanged to EUR,-0.00029415,BTC,-10.15,-10.00,0.15,EUR,COMPLETED,0.01134841
EXCHANGE,Current,2022-02-24 20:06:25,2022-02-24 20:06:25,Exchanged to EUR,-0.00028952,BTC,-10.15,-10.00,0.15,EUR,COMPLETED,0.01105889
EXCHANGE,Current,2022-02-26 00:42:41,2022-02-26 00:42:41,Exchanged to EUR,-0.00028570,BTC,-10.15,-10.00,0.15,EUR,COMPLETED,0.01077319
EXCHANGE,Current,2022-02-28 15:18:38,2022-02-28 15:18:38,Exchanged to EUR,-0.00084322,BTC,-30.45,-30.00,0.45,EUR,COMPLETED,0.00992997
EXCHANGE,Current,2022-02-28 17:57:51,2022-02-28 17:57:51,Exchanged to EUR,-0.00027574,BTC,-10.15,-10.00,0.15,EUR,COMPLETED,0.00965423
EXCHANGE,Current,2022-02-28 23:37:23,2022-02-28 23:37:23,Exchanged to EUR,-0.00052722,BTC,-20.30,-20.00,0.30,EUR,COMPLETED,0.00912701
EXCHANGE,Current,2022-03-01 11:01:17,2022-03-01 11:01:17,Exchanged to EUR,-0.00026025,BTC,-10.15,-10.00,0.15,EUR,COMPLETED,0.00886676
EXCHANGE,Current,2022-03-01 12:54:31,2022-03-01 12:54:31,Exchanged to EUR,-0.00025372,BTC,-10.15,-10.00,0.15,EUR,COMPLETED,0.00861304
EXCHANGE,Current,2022-03-10 19:48:18,2022-03-10 19:48:18,Exchanged to EUR,-0.00056698,BTC,-20.30,-20.00,0.30,EUR,COMPLETED,0.00804606
EXCHANGE,Current,2022-03-11 12:02:32,2022-03-11 12:02:32,Exchanged to EUR,-0.00069890,BTC,-25.37,-25.00,0.37,EUR,COMPLETED,0.00734716
EXCHANGE,Current,2022-03-12 17:04:46,2022-03-12 17:04:46,Exchanged to EUR,-0.00056318,BTC,-20.30,-20.00,0.30,EUR,COMPLETED,0.00678398
EXCHANGE,Current,2022-03-14 22:48:57,2022-03-14 22:48:57,Exchanged to EUR,-0.00042259,BTC,-15.22,-15.00,0.22,EUR,COMPLETED,0.00636139
EXCHANGE,Current,2022-03-22 03:21:21,2022-03-22 03:21:21,Exchanged to EUR,-0.00184540,BTC,-71.05,-70.00,1.05,EUR,COMPLETED,0.00451599
EXCHANGE,Current,2022-03-31 14:03:24,2022-03-31 14:03:24,Exchanged to BTC,0.00046928,BTC,19.71,20.00,0.30,EUR,COMPLETED,0.00498527
EXCHANGE,Current,2022-04-05 12:25:40,2022-04-05 12:25:40,Exchanged to EUR,-0.00023660,BTC,-10.15,-10.00,0.15,EUR,COMPLETED,0.00474867
EXCHANGE,Current,2022-04-06 16:40:01,2022-04-06 16:40:01,Exchanged to BTC,0.00049255,BTC,19.70,20.00,0.30,EUR,COMPLETED,0.00524122
EXCHANGE,Current,2022-04-06 16:40:01,2022-04-06 16:40:01,Exchanged to BTC,0.00049255,BTC,19.70,20.00,0.30,EUR,COMPLETED,0.00573377
EXCHANGE,Current,2022-04-06 16:46:43,2022-04-06 16:46:43,Exchanged to BTC,0.00049257,BTC,19.70,20.00,0.30,EUR,COMPLETED,0.00622634
EXCHANGE,Current,2022-04-07 00:51:35,2022-04-07 00:51:35,Exchanged to BTC,0.00099749,BTC,39.40,40.00,0.60,EUR,COMPLETED,0.00722383
EXCHANGE,Current,2022-04-07 11:08:54,2022-04-07 11:08:54,Exchanged to EUR,-0.00025367,BTC,-10.15,-10.00,0.15,EUR,COMPLETED,0.00697016
EXCHANGE,Current,2022-04-08 22:20:36,2022-04-08 22:20:36,Exchanged to BTC,0.00075778,BTC,29.56,30.00,0.45,EUR,COMPLETED,0.00772794
EXCHANGE,Current,2022-04-08 23:01:16,2022-04-08 23:01:16,Exchanged to BTC,0.00075972,BTC,29.56,30.00,0.45,EUR,COMPLETED,0.00848766
EXCHANGE,Current,2022-04-11 21:22:25,2022-04-11 21:22:25,Exchanged to BTC,0.00134938,BTC,49.25,50.00,0.75,EUR,COMPLETED,0.00983704
EXCHANGE,Current,2022-04-13 13:44:56,2022-04-13 13:44:56,Exchanged to EUR,-0.00027284,BTC,-10.15,-10.00,0.15,EUR,COMPLETED,0.00956420
EXCHANGE,Current,2022-04-18 04:19:22,2022-04-18 04:19:22,Exchanged to BTC,0.00215677,BTC,78.81,80.00,1.20,EUR,COMPLETED,0.01172097
EXCHANGE,Current,2022-04-22 19:57:21,2022-04-22 19:57:21,Exchanged to BTC,0.00026886,BTC,9.85,10.00,0.15,EUR,COMPLETED,0.01198983
EXCHANGE,Current,2022-04-25 00:24:51,2022-04-25 00:24:51,Exchanged to BTC,0.00136824,BTC,49.25,50.00,0.75,EUR,COMPLETED,0.01335807
EXCHANGE,Current,2022-04-25 09:17:40,2022-04-25 09:17:40,Exchanged to BTC,0.00068979,BTC,24.63,25.00,0.38,EUR,COMPLETED,0.01404786
EXCHANGE,Current,2022-04-26 07:40:16,2022-04-26 07:40:16,Exchanged to EUR,-0.00026710,BTC,-10.15,-10.00,0.15,EUR,COMPLETED,0.01378076
EXCHANGE,Current,2022-04-28 15:07:12,2022-04-28 15:07:12,Exchanged to EUR,-0.00040034,BTC,-15.22,-15.00,0.22,EUR,COMPLETED,0.01338042
EXCHANGE,Current,2022-04-30 23:04:59,2022-04-30 23:04:59,Exchanged to BTC,0.00041065,BTC,14.78,15.00,0.22,EUR,COMPLETED,0.01379107
EXCHANGE,Current,2022-05-05 15:06:43,2022-05-05 15:06:43,Exchanged to BTC,0.00054734,BTC,19.71,20.00,0.30,EUR,COMPLETED,0.01433841
EXCHANGE,Current,2022-05-05 15:08:07,2022-05-05 15:08:07,Exchanged to BTC,0.00220852,BTC,78.80,80.00,1.20,EUR,COMPLETED,0.01654693
EXCHANGE,Current,2022-05-05 15:08:40,2022-05-05 15:08:40,Exchanged to BTC,0.00140816,BTC,49.25,50.00,0.75,EUR,COMPLETED,0.01795509
EXCHANGE,Current,2022-05-05 18:24:36,2022-05-05 18:24:36,Exchanged to BTC,0.00257094,BTC,88.65,90.00,1.35,EUR,COMPLETED,0.02052603
EXCHANGE,Current,2022-05-07 22:41:43,2022-05-07 22:41:43,Exchanged to BTC,0.00088474,BTC,29.56,30.00,0.45,EUR,COMPLETED,0.02141077
EXCHANGE,Current,2022-05-08 01:51:53,2022-05-08 01:51:53,Exchanged to BTC,0.00298498,BTC,98.51,100.00,1.50,EUR,COMPLETED,0.02439575
EXCHANGE,Current,2022-05-08 18:11:39,2022-05-08 18:11:39,Exchanged to BTC,0.00076470,BTC,24.63,25.00,0.38,EUR,COMPLETED,0.02516045
EXCHANGE,Current,2022-05-09 02:28:29,2022-05-09 02:28:29,Exchanged to BTC,0.00307887,BTC,98.50,100.00,1.50,EUR,COMPLETED,0.02823932
EXCHANGE,Current,2022-05-09 10:58:19,2022-05-09 10:58:19,Exchanged to BTC,0.00063556,BTC,19.71,20.00,0.30,EUR,COMPLETED,0.02887488
EXCHANGE,Current,2022-05-09 16:51:27,2022-05-09 16:51:27,Exchanged to BTC,0.00328456,BTC,98.51,100.00,1.50,EUR,COMPLETED,0.03215944
EXCHANGE,Current,2022-06-11 12:59:57,2022-06-11 12:59:57,Exchanged to BTC,0.00036347,BTC,9.86,10.00,0.15,EUR,COMPLETED,0.03252291
EXCHANGE,Current,2022-06-12 02:59:10,2022-06-12 02:59:10,Exchanged to BTC,0.00189446,BTC,49.26,50.00,0.75,EUR,COMPLETED,0.03441737
EXCHANGE,Current,2022-06-13 01:10:31,2022-06-13 01:10:31,Exchanged to BTC,0.00059125,BTC,14.78,15.00,0.22,EUR,COMPLETED,0.03500862
EXCHANGE,Current,2022-06-13 07:31:59,2022-06-13 07:31:59,Exchanged to BTC,0.00102722,BTC,24.62,25.00,0.38,EUR,COMPLETED,0.03603584
EXCHANGE,Current,2022-06-13 09:01:53,2022-06-13 09:01:53,Exchanged to BTC,0.00107054,BTC,24.62,25.00,0.38,EUR,COMPLETED,0.03710638
EXCHANGE,Current,2022-06-14 00:59:08,2022-06-14 00:59:08,Exchanged to BTC,0.00070389,BTC,14.79,15.00,0.22,EUR,COMPLETED,0.03781027
TRANSFER,Current,2022-07-15 22:27:33,2022-07-15 22:27:33,Balance migration to another region or legal entity,-0.03781027,BTC,-780.32,-780.32,0.00,EUR,COMPLETED,
TRANSFER,Current,2022-07-15 22:27:33,2022-07-15 22:27:33,Balance migration to another region or legal entity,0.03781027,BTC,783.47,783.47,0.00,EUR,COMPLETED,
EXCHANGE,Current,2022-07-18 06:36:53,2022-07-18 06:36:53,Exchanged to EUR,-0.00069118,BTC,-15.22,-15.00,0.22,EUR,COMPLETED,0.03711909
EXCHANGE,Current,2022-08-22 02:31:41,2022-08-22 02:31:41,Exchanged to BTC,0.00230466,BTC,49.26,50.00,0.75,EUR,COMPLETED,0.03942375
EXCHANGE,Current,2022-09-12 01:45:21,2022-09-12 01:45:21,Exchanged to EUR,-0.00115342,BTC,-25.38,-25.00,0.38,EUR,COMPLETED,0.03827033
EXCHANGE,Current,2022-11-04 06:06:51,2022-11-04 06:06:51,Exchanged to EUR,-0.00725277,BTC,-152.24,-150.00,2.24,EUR,COMPLETED,0.03101756
